﻿<?xml version="1.0" encoding="utf-8"?>
<ObjDef xmlns="http://www.sonicretro.org" Namespace="S2ObjectDefinitions.CPZ" TypeName="Barrier" Language="cs" Name="One-way Barrier" Image="img1" RememberState="false">
  <Images>
    <ImageFromMappings id="img1">
      <ArtFile filename="../art/nemesis/Stripy blocks from CPZ.bin" />
      <MapFile type="Binary" filename="../mappings/sprite/obj2D.bin" frame="0" startpal="1" />
    </ImageFromMappings>
    <ImageFromMappings id="img2">
      <ArtFile filename="../art/nemesis/Stripy blocks from CPZ.bin" />
      <MapFile type="Binary" filename="../mappings/sprite/obj2D.bin" frame="1" startpal="1" />
    </ImageFromMappings>
    <ImageFromMappings id="img3">
      <ArtFile filename="../art/nemesis/Stripy blocks from CPZ.bin" />
      <MapFile type="Binary" filename="../mappings/sprite/obj2D.bin" frame="2" startpal="1" />
    </ImageFromMappings>
    <ImageFromMappings id="img4">
      <ArtFile filename="../art/nemesis/Stripy blocks from CPZ.bin" />
      <MapFile type="Binary" filename="../mappings/sprite/obj2D.bin" frame="3" startpal="1" />
    </ImageFromMappings>
  </Images>
  <Subtypes>
    <Subtype id="00" name="Default" image="img1" />
    <Subtype id="01" name="" image="img2" />
    <Subtype id="02" name="" image="img3" />
    <Subtype id="03" name="" image="img4" />
  </Subtypes>
</ObjDef>