﻿<?xml version="1.0" encoding="utf-8"?>
<ObjDef xmlns="http://www.sonicretro.org" Namespace="S2ObjectDefinitions.CPZ" TypeName="Worm" Language="cs" Name="Blue worm thing" Image="img1" RememberState="false">
  <Images>
    <ImageFromMappings id="img1">
      <ArtFile filename="../art/nemesis/CPZ worm enemy.bin" />
      <MapFile type="Binary" filename="../mappings/sprite/obj1D.bin" frame="0" startpal="3" />
    </ImageFromMappings>
  </Images>
  <Subtypes>
    <Subtype id="05" name="Back and Forth" image="img1" />
    <Subtype id="15" name="Square Tube" image="img1" />
  </Subtypes>
  <Display>
    <DisplayOption>
      <ImageRef image="img1" />
    </DisplayOption>
  </Display>
</ObjDef>