﻿<?xml version="1.0" encoding="utf-8"?>
<ObjDef xmlns="http://www.sonicretro.org" Namespace="S2ObjectDefinitions.CPZ" TypeName="MovingStairs" Language="cs" Name="Moving Stairs" Image="img1" RememberState="false">
  <Images>
    <ImageFromMappings id="img1">
      <ArtFile filename="../art/nemesis/Moving block from CPZ.bin" />
      <MapFile type="Binary" filename="../mappings/sprite/obj6B.bin" frame="0" startpal="3" />
    </ImageFromMappings>
  </Images>
  <Subtypes>
    <Subtype id="18" name="Small" image="img1" />
    <Subtype id="19" name="Large" image="img1" />
  </Subtypes>
  <Display>
    <DisplayOption>
      <Condition property="SubType" value="24" />
      <Condition property="YFlip" value="false" />
      <ImageRef image="img1" yflip="NeverFlip">
        <Offset X="16" Y="-16" />
      </ImageRef>
    </DisplayOption>
    <DisplayOption>
      <Condition property="SubType" value="24" />
      <Condition property="YFlip" value="true" />
      <ImageRef image="img1" yflip="NeverFlip">
        <Offset X="-16" Y="16" />
      </ImageRef>
    </DisplayOption>
    <DisplayOption>
      <Condition property="SubType" value="25" />
      <Condition property="XFlip" value="false" />
      <Condition property="YFlip" value="false" />
      <ImageRef image="img1" yflip="NeverFlip">
        <Offset X="16" Y="-16" />
      </ImageRef>
      <ImageRef image="img1" yflip="NeverFlip">
        <Offset X="48" Y="-48" />
      </ImageRef>
    </DisplayOption>
    <DisplayOption>
      <Condition property="SubType" value="25" />
      <Condition property="XFlip" value="false" />
      <Condition property="YFlip" value="true" />
      <ImageRef image="img1" yflip="NeverFlip">
        <Offset X="-16" Y="16" />
      </ImageRef>
      <ImageRef image="img1" yflip="NeverFlip">
        <Offset X="-48" Y="48" />
      </ImageRef>
    </DisplayOption>
    <DisplayOption>
      <Condition property="SubType" value="25" />
      <Condition property="XFlip" value="true" />
      <Condition property="YFlip" value="false" />
      <ImageRef image="img1" yflip="NeverFlip">
        <Offset X="48" Y="-48" />
      </ImageRef>
    </DisplayOption>
    <DisplayOption>
      <Condition property="SubType" value="25" />
      <Condition property="XFlip" value="true" />
      <Condition property="YFlip" value="true" />
      <ImageRef image="img1" yflip="NeverFlip">
        <Offset X="-48" Y="48" />
      </ImageRef>
    </DisplayOption>
  </Display>
</ObjDef>