﻿<?xml version="1.0" encoding="utf-8"?>
<ObjDef xmlns="http://www.sonicretro.org" Namespace="S2ObjectDefinitions.CPZ" TypeName="Stairs" Language="cs" Name="Stairs" Image="img1" RememberState="false">
  <Images>
    <ImageFromMappings id="img1">
      <ArtFile filename="../art/nemesis/Moving block from CPZ.bin" />
      <MapFile type="Binary" filename="../mappings/sprite/obj6B.bin" frame="0" startpal="3" />
    </ImageFromMappings>
  </Images>
  <Subtypes>
    <Subtype id="00" name="Moves down after you stand on it" image="img1" />
    <Subtype id="01" name="Moves down automatically" image="img1" />
    <Subtype id="02" name="Non-moving" image="img1" />
    <Subtype id="04" name="Moves up after you stand on it" image="img1" />
    <Subtype id="05" name="Moves up automatically" image="img1" />
  </Subtypes>
  <Display>
    <DisplayOption>
      <ImageRef image="img1" xflip="NeverFlip" />
      <ImageRef image="img1" xflip="NeverFlip">
        <Offset X="32" />
      </ImageRef>
      <ImageRef image="img1" xflip="NeverFlip">
        <Offset X="64" />
      </ImageRef>
      <ImageRef image="img1" xflip="NeverFlip">
        <Offset X="96" />
      </ImageRef>
    </DisplayOption>
  </Display>
</ObjDef>