﻿<?xml version="1.0" encoding="utf-8"?>
<ObjDef xmlns="http://www.sonicretro.org" Namespace="S2ObjectDefinitions.Common" TypeName="Capsule" Language="cs" Name="Egg Prison" RememberState="false">
  <Images>
    <ImageFromMappings id="img1">
      <ArtFile filename="../art/nemesis/Egg Prison.bin" />
      <MapFile type="Binary" filename="../mappings/sprite/obj3E.bin" frame="0" startpal="1" />
    </ImageFromMappings>
    <ImageFromMappings id="img2">
      <ArtFile filename="../art/nemesis/Egg Prison.bin" />
      <MapFile type="Binary" filename="../mappings/sprite/obj3E.bin" frame="4" startpal="1" />
    </ImageFromMappings>
    <ImageFromMappings id="img3">
      <ArtFile filename="../art/nemesis/Egg Prison.bin" />
      <MapFile type="Binary" filename="../mappings/sprite/obj3E.bin" frame="5" startpal="1" />
    </ImageFromMappings>
  </Images>
  <DefaultImage>
    <ImageRef image="img1" />
    <ImageRef image="img2">
      <Offset Y="-40" />
    </ImageRef>
    <ImageRef image="img3">
      <Offset Y="-24" />
    </ImageRef>
  </DefaultImage>
  <Display>
    <DisplayOption>
      <ImageRef image="img1" />
      <ImageRef image="img2">
        <Offset Y="-40" />
      </ImageRef>
      <ImageRef image="img3">
        <Offset Y="-24" />
      </ImageRef>
    </DisplayOption>
  </Display>
</ObjDef>