﻿<?xml version="1.0" encoding="utf-8"?>
<ObjDef xmlns="http://www.sonicretro.org" Namespace="S2ObjectDefinitions.ARZ" TypeName="Leaves" Language="cs" Name="Falling Leaves" Image="img1" RememberState="false">
  <Images>
    <ImageFromMappings id="img1">
      <ArtFile filename="../art/nemesis/Monitor and contents.bin" />
      <MapFile type="Binary" filename="../mappings/sprite/obj31_b.bin" frame="0" startpal="0" />
    </ImageFromMappings>
    <ImageFromMappings id="img2">
      <ArtFile filename="../art/nemesis/Monitor and contents.bin" />
      <MapFile type="Binary" filename="../mappings/sprite/obj31_b.bin" frame="1" startpal="0" />
    </ImageFromMappings>
    <ImageFromMappings id="img3">
      <ArtFile filename="../art/nemesis/Monitor and contents.bin" />
      <MapFile type="Binary" filename="../mappings/sprite/obj31_b.bin" frame="2" startpal="0" />
    </ImageFromMappings>
  </Images>
  <Subtypes>
    <Subtype id="00" name="Small" image="img1" />
    <Subtype id="01" name="Medium" image="img2" />
    <Subtype id="02" name="Large" image="img3" />
  </Subtypes>
</ObjDef>